ligand_id,receptor,interaction_bit
437219,1m17_a_aq4_999,catalytic_glu:762:VdWContact
437219,1m17_a_aq4_999,catalytic_lys:745:ImplicitHBAcceptor
437219,1m17_a_aq4_999,catalytic_lys:745:VdWContact
437219,1m17_a_aq4_999,dfg_region:855:VdWContact
437219,1m17_a_aq4_999,gatekeeper:790:VdWContact
437219,1m17_a_aq4_999,hinge:793:VdWContact
437219,1m17_a_aq4_999,pocket_residue:694:VdWContact
437219,1m17_a_aq4_999,pocket_residue:702:VdWContact
437219,1m17_a_aq4_999,pocket_residue:719:VdWContact
437219,1m17_a_aq4_999,pocket_residue:742:VdWContact
437219,1m17_a_aq4_999,pocket_residue:768:VdWContact
437219,1m17_a_aq4_999,pocket_residue:772:VdWContact
437219,1m17_a_aq4_999,pocket_residue:820:VdWContact
437219,1m17_a_aq4_999,pocket_residue:830:VdWContact
437219,1xkk_a_fmm_91,catalytic_lys:745:Hydrophobic
437219,1xkk_a_fmm_91,catalytic_lys:745:VdWContact
437219,1xkk_a_fmm_91,dfg_region:855:VdWContact
437219,1xkk_a_fmm_91,dfg_region:856:VdWContact
437219,1xkk_a_fmm_91,gatekeeper:790:VdWContact
437219,1xkk_a_fmm_91,hinge:793:ImplicitHBAcceptor
437219,1xkk_a_fmm_91,hinge:793:VdWContact
437219,1xkk_a_fmm_91,pocket_residue:1002:VdWContact
437219,1xkk_a_fmm_91,pocket_residue:718:VdWContact
437219,1xkk_a_fmm_91,pocket_residue:719:VdWContact
437219,1xkk_a_fmm_91,pocket_residue:720:VdWContact
437219,1xkk_a_fmm_91,pocket_residue:726:VdWContact
437219,1xkk_a_fmm_91,pocket_residue:743:VdWContact
437219,1xkk_a_fmm_91,pocket_residue:744:VdWContact
437219,1xkk_a_fmm_91,pocket_residue:766:Hydrophobic
437219,1xkk_a_fmm_91,pocket_residue:766:VdWContact
437219,1xkk_a_fmm_91,pocket_residue:775:Hydrophobic
437219,1xkk_a_fmm_91,pocket_residue:775:VdWContact
437219,1xkk_a_fmm_91,pocket_residue:776:VdWContact
437219,1xkk_a_fmm_91,pocket_residue:777:VdWContact
437219,1xkk_a_fmm_91,pocket_residue:788:VdWContact
437219,1xkk_a_fmm_91,pocket_residue:792:VdWContact
437219,1xkk_a_fmm_91,pocket_residue:796:VdWContact
437219,1xkk_a_fmm_91,pocket_residue:841:VdWContact
437219,1xkk_a_fmm_91,pocket_residue:844:VdWContact
437219,1xkk_a_fmm_91,pocket_residue:854:VdWContact
437219,1xkk_a_fmm_91,pocket_residue:858:VdWContact
437219,4hjo_a_aq4_1001,catalytic_lys:745:Hydrophobic
437219,4hjo_a_aq4_1001,catalytic_lys:745:VdWContact
437219,4hjo_a_aq4_1001,covalent_cys:797:VdWContact
437219,4hjo_a_aq4_1001,dfg_region:855:VdWContact
437219,4hjo_a_aq4_1001,dfg_region:856:VdWContact
437219,4hjo_a_aq4_1001,gatekeeper:790:VdWContact
437219,4hjo_a_aq4_1001,hinge:793:ImplicitHBAcceptor
437219,4hjo_a_aq4_1001,hinge:793:VdWContact
437219,4hjo_a_aq4_1001,pocket_residue:694:VdWContact
437219,4hjo_a_aq4_1001,pocket_residue:695:VdWContact
437219,4hjo_a_aq4_1001,pocket_residue:702:VdWContact
437219,4hjo_a_aq4_1001,pocket_residue:719:VdWContact
437219,4hjo_a_aq4_1001,pocket_residue:720:VdWContact
437219,4hjo_a_aq4_1001,pocket_residue:742:VdWContact
437219,4hjo_a_aq4_1001,pocket_residue:764:VdWContact
437219,4hjo_a_aq4_1001,pocket_residue:765:VdWContact
437219,4hjo_a_aq4_1001,pocket_residue:767:VdWContact
437219,4hjo_a_aq4_1001,pocket_residue:768:VdWContact
437219,4hjo_a_aq4_1001,pocket_residue:772:VdWContact
437219,4hjo_a_aq4_1001,pocket_residue:820:VdWContact
437219,4hjo_a_aq4_1001,pocket_residue:830:VdWContact
437219,4hjo_a_aq4_1001,pocket_residue:834:VdWContact
437219,5cav_a_4zq_1101,catalytic_glu:762:VdWContact
437219,5cav_a_4zq_1101,catalytic_lys:745:Hydrophobic
437219,5cav_a_4zq_1101,catalytic_lys:745:ImplicitHBAcceptor
437219,5cav_a_4zq_1101,catalytic_lys:745:VdWContact
437219,5cav_a_4zq_1101,covalent_cys:797:VdWContact
437219,5cav_a_4zq_1101,dfg_region:855:VdWContact
437219,5cav_a_4zq_1101,gatekeeper:790:VdWContact
437219,5cav_a_4zq_1101,hinge:793:VdWContact
437219,5cav_a_4zq_1101,pocket_residue:718:Hydrophobic
437219,5cav_a_4zq_1101,pocket_residue:718:VdWContact
437219,5cav_a_4zq_1101,pocket_residue:723:VdWContact
437219,5cav_a_4zq_1101,pocket_residue:726:VdWContact
437219,5cav_a_4zq_1101,pocket_residue:743:VdWContact
437219,5cav_a_4zq_1101,pocket_residue:766:VdWContact
437219,5cav_a_4zq_1101,pocket_residue:792:VdWContact
437219,5cav_a_4zq_1101,pocket_residue:794:VdWContact
437219,5cav_a_4zq_1101,pocket_residue:796:VdWContact
437219,5cav_a_4zq_1101,pocket_residue:841:VdWContact
437219,5cav_a_4zq_1101,pocket_residue:844:VdWContact
437219,5cav_a_4zq_1101,pocket_residue:854:VdWContact
